project_name,emissions,energy_consumed,duration,emissions_g,duration_min
bloc2::kafka_pipeline_send,0.0007301183950781,0.0025106803358886,111.56885379800042,0.7301183950781,1.8594808966333403
bloc2::kafka_consumer_ingest_infer,0.000658823650327,0.002265516928275,106.87643669299904,0.6588236503270001,1.7812739448833173
bloc2::kafka_producer_send,0.0003878032958195,0.0013335509905936,44.68739171800007,0.3878032958195,0.7447898619666679
bloc2::sql_ingestion_predictions_batch,0.000315323126843573,0.0010843112286362784,89.48901921700053,0.315323126843573,1.4914836536166756
bloc2::generate_data,5.956047159787403e-06,2.048124055565552e-05,1.3481106979998003,0.005956047159787404,0.022468511633330007
bloc2::etl_extract_transform,2.51440313420436e-06,8.646354547564035e-06,1.504843784001423,0.00251440313420436,0.02508072973335705
bloc2::ml_train_classification,2.043598117242333e-06,7.027383013505037e-06,1.3146838439988642,0.002043598117242333,0.021911397399981068
